{"data_time": 0.015168788995651994, "eta_seconds": 54.716305094916606, "fast_rcnn/cls_accuracy": 0.7490234375, "fast_rcnn/false_negative": 0.990234375, "fast_rcnn/fg_cls_accuracy": 0.0, "iteration": 19, "loss_box_reg": 0.6956822276115417, "loss_cls": 1.8431414365768433, "loss_mask": 0.6386796534061432, "loss_rpn_cls": 0.35993818938732147, "loss_rpn_loc": 0.2992827147245407, "lr": 0.00095155, "mask_rcnn/accuracy": 0.6791012261748777, "mask_rcnn/false_negative": 0.038351590058996146, "mask_rcnn/false_positive": 0.9217140112243218, "roi_head/num_bg_samples": 192.0, "roi_head/num_fg_samples": 64.0, "rpn/num_neg_anchors": 143.25, "rpn/num_pos_anchors": 112.75, "time": 1.8238768364972202, "total_loss": 3.7945544570684433}
{"data_time": 0.013644088998262305, "eta_seconds": 18.41196879497147, "fast_rcnn/cls_accuracy": 0.78173828125, "fast_rcnn/false_negative": 0.791015625, "fast_rcnn/fg_cls_accuracy": 0.203125, "iteration": 39, "loss_box_reg": 0.7297388911247253, "loss_cls": 0.762161374092102, "loss_mask": 0.45140962302684784, "loss_rpn_cls": 0.19182763993740082, "loss_rpn_loc": 0.23817742615938187, "lr": 0.0019505500000000001, "mask_rcnn/accuracy": 0.8067153619260203, "mask_rcnn/false_negative": 0.030610466688972354, "mask_rcnn/false_positive": 0.5206567874746085, "roi_head/num_bg_samples": 192.0, "roi_head/num_fg_samples": 64.0, "rpn/num_neg_anchors": 145.0, "rpn/num_pos_anchors": 111.0, "time": 1.9442172060007579, "total_loss": 2.3844903632998466}
{"data_time": 0.011551619500096422, "eta_seconds": 0.0, "fast_rcnn/cls_accuracy": 0.810546875, "fast_rcnn/false_negative": 0.6015625, "fast_rcnn/fg_cls_accuracy": 0.37890625, "iteration": 49, "loss_box_reg": 0.6775689721107483, "loss_cls": 0.6275398135185242, "loss_mask": 0.382229745388031, "loss_rpn_cls": 0.16594842821359634, "loss_rpn_loc": 0.24218067526817322, "lr": 0.00245005, "mask_rcnn/accuracy": 0.8457977917729592, "mask_rcnn/false_negative": 0.060773572820127145, "mask_rcnn/false_positive": 0.3568719189971533, "roi_head/num_bg_samples": 192.0, "roi_head/num_fg_samples": 64.0, "rpn/num_neg_anchors": 139.875, "rpn/num_pos_anchors": 116.125, "time": 1.9652524664998055, "total_loss": 2.128808781504631}
{"bbox/AP": 6.353351198966325, "bbox/AP-balcony-fence": 0.019464514923799137, "bbox/AP-car": 0.3376671347103513, "bbox/AP-facade": 25.02498325214838, "bbox/AP-fence": 0.050919377652050915, "bbox/AP-non-building-infrastructure": 0.0, "bbox/AP-shop": 2.015142690739662, "bbox/AP-street": 2.376237623762376, "bbox/AP-traffic-infrastructure": 0.0, "bbox/AP-vegetation": 3.250821499212996, "bbox/AP-window": 30.458275896513626, "bbox/AP50": 13.182455946078795, "bbox/AP75": 4.884253532196177, "bbox/APl": 7.8044567268640685, "bbox/APm": 3.446975251136269, "bbox/APs": 0.5894858245987181, "iteration": 50, "segm/AP": 5.141082486265679, "segm/AP-balcony-fence": 0.008783136378153944, "segm/AP-car": 0.3890968714705865, "segm/AP-facade": 18.367792134651058, "segm/AP-fence": 0.0, "segm/AP-non-building-infrastructure": 0.0, "segm/AP-shop": 0.39603960396039606, "segm/AP-street": 0.957095709570957, "segm/AP-traffic-infrastructure": 0.0, "segm/AP-vegetation": 1.221508996205711, "segm/AP-window": 30.07050841041994, "segm/AP50": 11.943867608166393, "segm/AP75": 3.7693814377969557, "segm/APl": 6.897027319896116, "segm/APm": 3.342015743751639, "segm/APs": 0.34363059532780593}
{"data_time": 0.010530670500884298, "eta_seconds": 59.725823730113916, "fast_rcnn/cls_accuracy": 0.74951171875, "fast_rcnn/false_negative": 1.0, "fast_rcnn/fg_cls_accuracy": 0.0, "iteration": 19, "loss_box_reg": 0.6994555592536926, "loss_cls": 1.8144768476486206, "loss_mask": 0.6489830017089844, "loss_rpn_cls": 0.36956529319286346, "loss_rpn_loc": 0.2774965465068817, "lr": 0.00095155, "mask_rcnn/accuracy": 0.6902428451849489, "mask_rcnn/false_negative": 0.0509649770750409, "mask_rcnn/false_positive": 0.8587786893073213, "roi_head/num_bg_samples": 192.0, "roi_head/num_fg_samples": 64.0, "rpn/num_neg_anchors": 142.25, "rpn/num_pos_anchors": 113.75, "time": 1.9908607910037972, "total_loss": 3.666657954454422}
{"data_time": 0.012563287506054621, "eta_seconds": 19.908607910037972, "fast_rcnn/cls_accuracy": 0.79833984375, "fast_rcnn/false_negative": 0.6875, "fast_rcnn/fg_cls_accuracy": 0.30078125, "iteration": 39, "loss_box_reg": 0.7187026143074036, "loss_cls": 0.7128623425960541, "loss_mask": 0.46532273292541504, "loss_rpn_cls": 0.21347229182720184, "loss_rpn_loc": 0.2800726294517517, "lr": 0.0019505500000000001, "mask_rcnn/accuracy": 0.7903305365114797, "mask_rcnn/false_negative": 0.03472199476912305, "mask_rcnn/false_positive": 0.623009112941669, "roi_head/num_bg_samples": 192.0, "roi_head/num_fg_samples": 64.0, "rpn/num_neg_anchors": 142.0, "rpn/num_pos_anchors": 114.0, "time": 1.9494100005031214, "total_loss": 2.4295282289385796}
{"data_time": 0.011867164510476869, "eta_seconds": 0.0, "fast_rcnn/cls_accuracy": 0.81689453125, "fast_rcnn/false_negative": 0.529296875, "fast_rcnn/fg_cls_accuracy": 0.455078125, "iteration": 49, "loss_box_reg": 0.6956933736801147, "loss_cls": 0.6064991652965546, "loss_mask": 0.39214180409908295, "loss_rpn_cls": 0.17327051609754562, "loss_rpn_loc": 0.23795484751462936, "lr": 0.00245005, "mask_rcnn/accuracy": 0.8396319953762755, "mask_rcnn/false_negative": 0.06515579388867898, "mask_rcnn/false_positive": 0.318554594994523, "roi_head/num_bg_samples": 192.0, "roi_head/num_fg_samples": 64.0, "rpn/num_neg_anchors": 148.125, "rpn/num_pos_anchors": 107.875, "time": 1.9565814494999358, "total_loss": 2.1131972074508667}
{"bbox/AP": 6.059185229912242, "bbox/AP-balcony-fence": 0.0653888918303595, "bbox/AP-car": 2.5111504497466894, "bbox/AP-facade": 19.06784935436725, "bbox/AP-fence": 0.168016801680168, "bbox/AP-non-building-infrastructure": 0.0, "bbox/AP-shop": 2.7722772277227725, "bbox/AP-street": 0.9936581893483464, "bbox/AP-traffic-infrastructure": 0.0, "bbox/AP-vegetation": 2.275766216910513, "bbox/AP-window": 32.73774516751633, "bbox/AP50": 12.503406817501716, "bbox/AP75": 5.0317791293430485, "bbox/APl": 7.6047240993354945, "bbox/APm": 3.6828428022613706, "bbox/APs": 0.7708803622824177, "iteration": 50, "segm/AP": 5.536963087283418, "segm/AP-balcony-fence": 0.05814166826392375, "segm/AP-car": 2.554720212298538, "segm/AP-facade": 16.890723613628523, "segm/AP-fence": 0.0, "segm/AP-non-building-infrastructure": 0.0, "segm/AP-shop": 1.188118811881188, "segm/AP-street": 0.20902090209020904, "segm/AP-traffic-infrastructure": 0.0, "segm/AP-vegetation": 1.5775245166904477, "segm/AP-window": 32.89138114798137, "segm/AP50": 11.493143804972936, "segm/AP75": 4.173720867077153, "segm/APl": 7.595725427973185, "segm/APm": 3.6292237537634637, "segm/APs": 0.4993502154492809}
