{"data_time": 0.015891896007815376, "eta_seconds": 9095.373309621355, "fast_rcnn/cls_accuracy": 0.17919921875, "fast_rcnn/false_negative": 0.291015625, "fast_rcnn/fg_cls_accuracy": 0.02953031623505976, "iteration": 19, "loss_box_reg": 0.6903188526630402, "loss_cls": 2.395168423652649, "loss_mask": 0.6929649412631989, "loss_rpn_cls": 1.8098417520523071, "loss_rpn_loc": 0.35006920993328094, "lr": 4.99525e-05, "mask_rcnn/accuracy": 0.5545305524553571, "mask_rcnn/false_negative": 0.40077637481883444, "mask_rcnn/false_positive": 0.5375426715733902, "roi_head/num_bg_samples": 192.0, "roi_head/num_fg_samples": 64.0, "rpn/num_neg_anchors": 128.0, "rpn/num_pos_anchors": 128.0, "time": 3.0521386945038103, "total_loss": 5.971256986260414}
{"data_time": 0.017263295507291332, "eta_seconds": 9195.757667005528, "fast_rcnn/cls_accuracy": 0.75, "fast_rcnn/false_negative": 1.0, "fast_rcnn/fg_cls_accuracy": 0.0, "iteration": 39, "loss_box_reg": 0.758012056350708, "loss_cls": 1.7762216329574585, "loss_mask": 0.6573063433170319, "loss_rpn_cls": 0.22617169469594955, "loss_rpn_loc": 0.3195399045944214, "lr": 9.990249999999999e-05, "mask_rcnn/accuracy": 0.642822265625, "mask_rcnn/false_negative": 0.15913520756642136, "mask_rcnn/false_positive": 0.7748010077294096, "roi_head/num_bg_samples": 192.0, "roi_head/num_fg_samples": 64.0, "rpn/num_neg_anchors": 128.0, "rpn/num_pos_anchors": 128.0, "time": 3.1346148969896603, "total_loss": 3.7356462255120277}
{"data_time": 0.01298519448027946, "eta_seconds": 9223.590303675737, "fast_rcnn/cls_accuracy": 0.75, "fast_rcnn/false_negative": 1.0, "fast_rcnn/fg_cls_accuracy": 0.0, "iteration": 59, "loss_box_reg": 0.728273868560791, "loss_cls": 0.9642162919044495, "loss_mask": 0.5669756829738617, "loss_rpn_cls": 0.16650977730751038, "loss_rpn_loc": 0.33599358797073364, "lr": 0.0001498525, "mask_rcnn/accuracy": 0.6990319076849489, "mask_rcnn/false_negative": 0.06099947637441416, "mask_rcnn/false_positive": 0.8094121477675813, "roi_head/num_bg_samples": 192.0, "roi_head/num_fg_samples": 64.0, "rpn/num_neg_anchors": 128.0, "rpn/num_pos_anchors": 128.0, "time": 3.1949156299815513, "total_loss": 2.8120362907648087}
{"data_time": 0.016934807994402945, "eta_seconds": 9250.141098265303, "fast_rcnn/cls_accuracy": 0.751953125, "fast_rcnn/false_negative": 1.0, "fast_rcnn/fg_cls_accuracy": 0.0, "iteration": 79, "loss_box_reg": 0.7605608999729156, "loss_cls": 0.7923518717288971, "loss_mask": 0.512426495552063, "loss_rpn_cls": 0.13235995173454285, "loss_rpn_loc": 0.30350571870803833, "lr": 0.00019980250000000002, "mask_rcnn/accuracy": 0.7483308753188775, "mask_rcnn/false_negative": 0.03654276334472434, "mask_rcnn/false_positive": 0.7177032912023719, "roi_head/num_bg_samples": 192.0, "roi_head/num_fg_samples": 64.0, "rpn/num_neg_anchors": 129.0, "rpn/num_pos_anchors": 127.0, "time": 3.2544673634984065, "total_loss": 2.4644107595086098}
{"data_time": 0.01298579151625745, "eta_seconds": 9277.711414184887, "fast_rcnn/cls_accuracy": 0.78076171875, "fast_rcnn/false_negative": 0.8203125, "fast_rcnn/fg_cls_accuracy": 0.1796875, "iteration": 99, "loss_box_reg": 0.7234033346176147, "loss_cls": 0.6582478284835815, "loss_mask": 0.45472173392772675, "loss_rpn_cls": 0.13823583722114563, "loss_rpn_loc": 0.31352412700653076, "lr": 0.0002497525, "mask_rcnn/accuracy": 0.7816997300814266, "mask_rcnn/false_negative": 0.022871165678852334, "mask_rcnn/false_positive": 0.6056769430408281, "roi_head/num_bg_samples": 192.0, "roi_head/num_fg_samples": 64.0, "rpn/num_neg_anchors": 128.0, "rpn/num_pos_anchors": 128.0, "time": 3.2803072099923156, "total_loss": 2.2599988877773285}
{"data_time": 0.014185809472110122, "eta_seconds": 9285.560213830322, "fast_rcnn/cls_accuracy": 0.80517578125, "fast_rcnn/false_negative": 0.6640625, "fast_rcnn/fg_cls_accuracy": 0.33203125, "iteration": 119, "loss_box_reg": 0.6987845599651337, "loss_cls": 0.6411245167255402, "loss_mask": 0.4282369464635849, "loss_rpn_cls": 0.11065701395273209, "loss_rpn_loc": 0.30159273743629456, "lr": 0.00029970250000000006, "mask_rcnn/accuracy": 0.8186334103954082, "mask_rcnn/false_negative": 0.046411059233188334, "mask_rcnn/false_positive": 0.46874763889307375, "roi_head/num_bg_samples": 192.0, "roi_head/num_fg_samples": 64.0, "rpn/num_neg_anchors": 128.0, "rpn/num_pos_anchors": 128.0, "time": 3.247733592928853, "total_loss": 2.2123896181583405}
